customer_id,product_info,total_purchases,purchase_value

C-685251,Isopropyl Alcohol,233329,36105329.46
C-685102,Glycol Ethers,248437,22225174.02
C-685914,Sodium Hydroxide,251957,19365415.02
C-685003,Hydrochloric Acid,69860,11526900
C-685531,Hydrochloric Acid,69444,11458260
C-685399,Hydrochloric Acid,69227,11422455
C-685921,Hydrochloric Acid,69058,11394570
C-685723,Hydrochloric Acid,68485,11300025
C-685261,Hydrochloric Acid,68247,11260755
C-685651,Hydrochloric Acid,66544,10979760
C-685609,Hydrochloric Acid,66316,10942140
C-684961,Hydrochloric Acid,65616,10826640
C-685879,Hydrochloric Acid,65478,10803870
C-684997,Hydrochloric Acid,65306,10775490
C-685015,Hydrochloric Acid,65276,10770540
C-685605,Isopropyl Alcohol,69451,10746847.74
C-685941,Isopropyl Alcohol,69244,10714816.56
C-685873,Hydrochloric Acid,64500,10642500
C-685581,Isopropyl Alcohol,68578,10611759.72
C-685411,Hydrochloric Acid,64115,10578975
C-685729,Hydrochloric Acid,64061,10570065
C-685135,Hydrochloric Acid,63925,10547625
C-685351,Hydrochloric Acid,63376,10457040
C-685117,Hydrochloric Acid,63301,10444665
C-685719,Isopropyl Alcohol,67362,10423595.88
C-685513,Hydrochloric Acid,62628,10333620
C-685093,Hydrochloric Acid,62470,10307550
C-685675,Hydrochloric Acid,62360,10289400
C-685159,Hydrochloric Acid,62259,10272735
C-685437,Isopropyl Alcohol,66253,10251989.22
C-685683,Isopropyl Alcohol,66237,10249513.38
C-685029,Isopropyl Alcohol,66102,10228623.48
C-685593,Isopropyl Alcohol,65755,10174928.7
C-685633,Hydrochloric Acid,61564,10158060
C-685827,Isopropyl Alcohol,65627,10155121.98
C-685611,Isopropyl Alcohol,65581,10148003.94
C-685477,Hydrochloric Acid,60044,9907260
C-685527,Isopropyl Alcohol,63977,9899800.98
C-685711,Hydrochloric Acid,59869,9878385
C-685671,Isopropyl Alcohol,63786,9870245.64
C-685551,Isopropyl Alcohol,63594,9840535.56
C-685779,Isopropyl Alcohol,63426,9814539.24
C-685387,Hydrochloric Acid,59339,9790935
C-685027,Hydrochloric Acid,59192,9766680
C-685455,Isopropyl Alcohol,62895,9732372.3
C-685167,Isopropyl Alcohol,62362,9649895.88
C-685507,Hydrochloric Acid,58132,9591780
C-685525,Hydrochloric Acid,57313,9456645
C-685183,Hydrochloric Acid,56860,9381900
C-685767,Isopropyl Alcohol,60599,9377089.26
C-685179,Isopropyl Alcohol,60319,9333762.06
C-685497,Isopropyl Alcohol,60230,9319990.2
C-685051,Hydrochloric Acid,56399,9305835
C-684987,Isopropyl Alcohol,60084,9297398.16
C-685587,Isopropyl Alcohol,60084,9297398.16
C-685623,Isopropyl Alcohol,59935,9274341.9
C-685161,Isopropyl Alcohol,59835,9258867.9
C-685689,Isopropyl Alcohol,59563,9216778.62
C-685645,Hydrochloric Acid,55696,9189840
C-685909,Hydrochloric Acid,55397,9140505
C-685171,Hydrochloric Acid,54716,9028140
C-685813,Hydrochloric Acid,54547,9000255
C-685567,Hydrochloric Acid,54432,8981280
C-685189,Hydrochloric Acid,54018,8912970
C-685347,Isopropyl Alcohol,57456,8890741.44
C-685125,Isopropyl Alcohol,57406,8883004.44
C-685759,Hydrochloric Acid,53777,8873205
C-685773,Isopropyl Alcohol,55979,8662190.46
C-685053,Isopropyl Alcohol,55412,8574452.88
C-685137,Isopropyl Alcohol,55397,8572131.78
C-685033,Hydrochloric Acid,51678,8526870
C-685227,Isopropyl Alcohol,54745,8471241.3
C-685339,Hydrochloric Acid,51219,8451135
C-685795,Hydrochloric Acid,51204,8448660
C-685071,Isopropyl Alcohol,54534,8438591.16
C-685467,Isopropyl Alcohol,53602,8294373.48
C-685207,Hydrochloric Acid,49960,8243400
C-685429,Hydrochloric Acid,49936,8239440
C-685519,Hydrochloric Acid,49902,8233830
C-685663,Hydrochloric Acid,49653,8192745
C-684967,Hydrochloric Acid,49612,8185980
C-685233,Isopropyl Alcohol,52726,8158821.24
C-685143,Isopropyl Alcohol,52655,8147834.7
C-685057,Hydrochloric Acid,49248,8125920
C-685095,Isopropyl Alcohol,52231,8082224.94
C-685783,Hydrochloric Acid,48795,8051175
C-685837,Hydrochloric Acid,48463,7996395
C-685447,Hydrochloric Acid,48313,7971645
C-685111,Hydrochloric Acid,48286,7967190
C-684957,Isopropyl Alcohol,51412,7955492.88
C-685045,Hydrochloric Acid,47833,7892445
C-685489,Hydrochloric Acid,47601,7854165
C-685225,Hydrochloric Acid,47579,7850535
C-685195,Hydrochloric Acid,46667,7700055
C-685705,Hydrochloric Acid,46133,7611945
C-685311,Isopropyl Alcohol,48731,7540634.94
C-685359,Isopropyl Alcohol,48651,7528255.74
C-685153,Hydrochloric Acid,44863,7402395
C-685279,Hydrochloric Acid,44800,7392000
C-685119,Isopropyl Alcohol,47755,7389608.7
C-685035,Isopropyl Alcohol,47511,7351852.14
C-685065,Isopropyl Alcohol,47112,7290110.88
C-684981,Isopropyl Alcohol,46578,7207479.72
C-685263,Isopropyl Alcohol,46509,7196802.66
C-684969,Isopropyl Alcohol,46461,7189375.14
C-685249,Hydrochloric Acid,43555,7186575
C-685303,Hydrochloric Acid,43051,7103415
C-685869,Isopropyl Alcohol,45692,7070380.08
C-685665,Isopropyl Alcohol,45594,7055215.56
C-685617,Isopropyl Alcohol,45422,7028600.28
C-685951,Hydrochloric Acid,42453,7004745
C-685639,Hydrochloric Acid,42240,6969600
C-685875,Isopropyl Alcohol,45026,6967323.24
C-685579,Hydrochloric Acid,41855,6906075
C-685413,Isopropyl Alcohol,44626,6905427.24
C-685269,Isopropyl Alcohol,44349,6862564.26
C-685305,Isopropyl Alcohol,44107,6825117.18
C-685443,Isopropyl Alcohol,44089,6822331.86
C-685621,Hydrochloric Acid,41340,6821100
C-685407,Isopropyl Alcohol,44020,6811654.8
C-685677,Isopropyl Alcohol,43985,6806238.9
C-685825,Hydrochloric Acid,41109,6782985
C-684991,Hydrochloric Acid,40810,6733650
C-685509,Isopropyl Alcohol,43488,6729333.12
C-685081,Hydrochloric Acid,40554,6691410
C-685809,Isopropyl Alcohol,43197,6684303.78
C-685789,Hydrochloric Acid,40422,6669630
C-685947,Isopropyl Alcohol,43045,6660783.3
C-685285,Hydrochloric Acid,39935,6589275
C-685765,Hydrochloric Acid,39847,6574755
C-685647,Isopropyl Alcohol,41818,6470917.32
C-685597,Hydrochloric Acid,39112,6453480
C-685797,Isopropyl Alcohol,41629,6441671.46
C-685731,Isopropyl Alcohol,41623,6440743.02
C-685333,Hydrochloric Acid,39006,6435990
C-685353,Isopropyl Alcohol,41194,6374359.56
C-685945,Hydrochloric Acid,38529,6357285
C-685684,Glycol Ethers,69965,6259068.9
C-685324,Glycol Ethers,69863,6249943.98
C-685618,Glycol Ethers,69593,6225789.78
C-685821,Isopropyl Alcohol,40126,6209097.24
C-685018,Glycol Ethers,69236,6193852.56
C-685023,Isopropyl Alcohol,39871,6169638.54
C-685657,Hydrochloric Acid,36768,6066720
C-685615,Hydrochloric Acid,36738,6061770
C-685747,Hydrochloric Acid,36714,6057810
C-684979,Hydrochloric Acid,36683,6052695
C-685594,Glycol Ethers,67125,6005002.5
C-685570,Glycol Ethers,67116,6004197.36
C-685090,Glycol Ethers,67050,5998293
C-685600,Glycol Ethers,66998,5993641.08
C-685059,Isopropyl Alcohol,38725,5992306.5
C-685108,Glycol Ethers,66897,5984605.62
C-685575,Isopropyl Alcohol,38595,5972190.3
C-685083,Isopropyl Alcohol,38477,5953930.98
C-685533,Isopropyl Alcohol,38218,5913853.32
C-685293,Isopropyl Alcohol,38146,5902712.04
C-685342,Glycol Ethers,65889,5894429.94
C-685017,Isopropyl Alcohol,38070,5890951.8
C-685642,Glycol Ethers,65702,5877700.92
C-685468,Glycol Ethers,64780,5795218.8
C-685383,Isopropyl Alcohol,37377,5783716.98
C-685537,Hydrochloric Acid,34917,5761305
C-685798,Glycol Ethers,64097,5734117.62
C-685366,Glycol Ethers,64062,5730986.52
C-685348,Glycol Ethers,64018,5727050.28
C-685431,Isopropyl Alcohol,36977,5721820.98
C-685036,Glycol Ethers,63926,5718819.96
C-685726,Glycol Ethers,63597,5689387.62
C-685546,Glycol Ethers,63531,5683483.26
C-685180,Glycol Ethers,63185,5652530.1
C-685699,Hydrochloric Acid,34200,5643000
C-685101,Isopropyl Alcohol,36454,5640891.96
C-685318,Glycol Ethers,62932,5629896.72
C-685341,Isopropyl Alcohol,36015,5572961.1
C-685282,Glycol Ethers,62245,5568437.7
C-685000,Glycol Ethers,61983,5544999.18
C-685543,Hydrochloric Acid,33550,5535750
C-685267,Hydrochloric Acid,33439,5517435
C-685851,Isopropyl Alcohol,35361,5471761.14
C-685021,Hydrochloric Acid,33137,5467605
C-685861,Hydrochloric Acid,33057,5454405
C-685323,Isopropyl Alcohol,35238,5452728.12
C-685810,Glycol Ethers,60519,5414029.74
C-685216,Glycol Ethers,60417,5404904.82
C-685173,Isopropyl Alcohol,34919,5403366.06
C-685833,Isopropyl Alcohol,34878,5397021.72
C-685312,Glycol Ethers,59970,5364916.2
C-685288,Glycol Ethers,59839,5353196.94
C-685156,Glycol Ethers,59655,5336736.3
C-685738,Glycol Ethers,59191,5295226.86
C-685354,Glycol Ethers,59130,5289769.8
C-685614,Sodium Hydroxide,68588,5271673.68
C-684994,Glycol Ethers,58910,5270088.6
C-685131,Isopropyl Alcohol,34004,5261778.96
C-685629,Isopropyl Alcohol,33962,5255279.88
C-685149,Isopropyl Alcohol,33634,5204525.16
C-685840,Glycol Ethers,58170,5203888.2
C-685138,Glycol Ethers,57541,5147617.86
C-685345,Hydrochloric Acid,31079,5128035
C-685585,Hydrochloric Acid,31069,5126385
C-685486,Glycol Ethers,57286,5124805.56
C-685398,Sodium Hydroxide,66648,5122565.28
C-685450,Glycol Ethers,57234,5120153.64
C-685848,Sodium Hydroxide,66601,5118952.86
C-685224,Sodium Hydroxide,66552,5115186.72
C-685914,Sodium Hypochlorite,113007,5085315
C-685188,Sodium Hydroxide,66078,5078755.08
C-685752,Sodium Hydroxide,66018,5074143.48
C-685944,Sodium Hydroxide,65901,5065150.86
C-685758,Sodium Hydroxide,65600,5042016
C-685545,Isopropyl Alcohol,32531,5033846.94
C-684982,Glycol Ethers,56145,5022731.7
C-685732,Glycol Ethers,55885,4999472.1
C-685780,Glycol Ethers,55770,4989184.2
C-685206,Sodium Hydroxide,64692,4972227.12
C-685896,Sodium Hydroxide,64666,4970228.76
C-684975,Isopropyl Alcohol,32077,4963594.98
C-685098,Sodium Hydroxide,64305,4942482.3
C-685201,Hydrochloric Acid,29944,4940760
C-685416,Sodium Hydroxide,64075,4924804.5
C-685002,Sodium Hydroxide,64067,4924189.62
C-685735,Hydrochloric Acid,29833,4922445
C-685558,Glycol Ethers,54914,4912606.44
C-685132,Glycol Ethers,54758,4898650.68
C-685596,Sodium Hydroxide,63626,4890294.36
C-685864,Glycol Ethers,54615,4885857.9
C-685084,Glycol Ethers,54558,4880758.68
C-685902,Sodium Hydroxide,63454,4877074.44
C-685624,Glycol Ethers,54490,4874675.4
C-685165,Hydrochloric Acid,29530,4872450
C-685266,Sodium Hydroxide,62326,4790376.36
C-685105,Hydrochloric Acid,28799,4751835
C-685308,Sodium Hydroxide,61424,4721048.64
C-685815,Isopropyl Alcohol,30468,4714618.32
C-685009,Hydrochloric Acid,28394,4685010
C-685255,Hydrochloric Acid,28386,4683690
C-685506,Sodium Hydroxide,60901,4680850.86
C-685753,Hydrochloric Acid,28368,4680720
C-685648,Glycol Ethers,52276,4676610.96
C-685060,Glycol Ethers,52231,4672585.26
C-685887,Isopropyl Alcohol,30156,4666339.44
C-685396,Glycol Ethers,52157,4665965.22
C-685521,Isopropyl Alcohol,29995,4641426.3
C-685243,Hydrochloric Acid,28048,4627920
C-685554,Sodium Hydroxide,60186,4625895.96
C-685389,Isopropyl Alcohol,29890,4625178.6
C-685662,Sodium Hydroxide,60104,4619593.44
C-685240,Glycol Ethers,51385,4596902.1
C-685807,Hydrochloric Acid,27762,4580730
C-685860,Sodium Hydroxide,59257,4554493.02
C-685012,Glycol Ethers,50796,4544210.16
C-685549,Hydrochloric Acid,27507,4538655
C-685375,Hydrochloric Acid,27453,4529745
C-685803,Isopropyl Alcohol,29225,4522276.5
C-685572,Sodium Hydroxide,58801,4519444.86
C-685449,Isopropyl Alcohol,29179,4515158.46
C-685929,Isopropyl Alcohol,29177,4514848.98
C-685144,Glycol Ethers,50396,4508426.16
C-685693,Hydrochloric Acid,27316,4507140
C-685030,Glycol Ethers,50203,4491160.38
C-685290,Sodium Hydroxide,58279,4479323.94
C-685771,Hydrochloric Acid,27138,4477770
C-685828,Glycol Ethers,50010,4473894.6
C-685273,Hydrochloric Acid,27092,4470180
C-685816,Glycol Ethers,49937,4467364.02
C-685236,Sodium Hydroxide,58040,4460954.4
C-685516,Glycol Ethers,49820,4456897.2
C-685936,Glycol Ethers,49705,4446609.3
C-685692,Sodium Hydroxide,57815,4443660.9
C-685356,Sodium Hydroxide,57814,4443584.04
C-684960,Sodium Hydroxide,57794,4442046.84
C-685140,Sodium Hydroxide,57588,4426213.68
C-685254,Sodium Hydroxide,57471,4417221.06
C-685656,Sodium Hydroxide,57171,4394163.06
C-685632,Sodium Hydroxide,57122,4390396.92
C-685492,Glycol Ethers,48853,4370389.38
C-685839,Isopropyl Alcohol,28233,4368774.42
C-685422,Sodium Hydroxide,56541,4345741.26
C-685584,Sodium Hydroxide,56054,4308310.44
C-685405,Hydrochloric Acid,26106,4307490
C-685510,Glycol Ethers,48106,4303562.76
C-685538,Sodium Hypochlorite,95592,4301640
C-685831,Hydrochloric Acid,26006,4290990
C-685008,Sodium Hydroxide,55737,4283945.82
C-685782,Sodium Hydroxide,55663,4278258.18
C-685294,Glycol Ethers,47823,4278245.58
C-685417,Hydrochloric Acid,25888,4271520
C-685237,Hydrochloric Acid,25837,4263105
C-685459,Hydrochloric Acid,25798,4256670
C-685246,Glycol Ethers,47350,4235931
C-685393,Hydrochloric Acid,25430,4195950
C-685866,Sodium Hydroxide,54564,4193789.04
C-685530,Sodium Hydroxide,54563,4193712.18
C-685882,Glycol Ethers,46491,4159084.86
C-685315,Hydrochloric Acid,25191,4156515
C-685690,Glycol Ethers,46375,4148707.5
C-685264,Glycol Ethers,46347,4146202.62
C-685377,Isopropyl Alcohol,26697,4131093.78
C-685204,Glycol Ethers,46140,4127684.4
C-685440,Sodium Hydroxide,53602,4119849.72
C-685329,Isopropyl Alcohol,26624,4119797.76
C-685893,Isopropyl Alcohol,26589,4114381.86
C-684958,Glycol Ethers,45805,4097715.3
C-685026,Sodium Hydroxide,53245,4092410.7
C-685213,Hydrochloric Acid,24800,4092000
C-685464,Sodium Hydroxide,53209,4089643.74
C-685218,Sodium Hydroxide,53030,4075885.8
C-685669,Hydrochloric Acid,24666,4069890
C-685152,Sodium Hydroxide,52840,4061282.4
C-685001,Hydrogen Peroxide,69964,4050215.96
C-685897,Hydrochloric Acid,24520,4045800
C-685423,Hydrochloric Acid,24518,4045470
C-685540,Glycol Ethers,45208,4044307.68
C-685627,Hydrochloric Acid,24497,4042005
C-685842,Sodium Hydroxide,52481,4033689.66
C-685419,Isopropyl Alcohol,26032,4028191.68
C-685391,Hydrogen Peroxide,69561,4026886.29
C-685019,Hydrogen Peroxide,69481,4022255.09
C-685381,Hydrochloric Acid,24373,4021545
C-685175,Hydrogen Peroxide,69360,4015250.4
C-685704,Sodium Hydroxide,52192,4011477.12
C-685635,Isopropyl Alcohol,25902,4008075.48
C-685403,Hydrogen Peroxide,69053,3997478.17
C-685744,Glycol Ethers,44681,3997162.26
C-685145,Hydrogen Peroxide,69006,3994757.34
C-685788,Sodium Hydroxide,51867,3986497.62
C-685805,Hydrogen Peroxide,68860,3986305.4
C-685932,Sodium Hydroxide,51864,3986267.04
C-684964,Glycol Ethers,44505,3981417.3
C-685822,Glycol Ethers,44342,3966835.32
C-685552,Glycol Ethers,44333,3966030.18
C-685900,Glycol Ethers,44312,3964151.52
C-685037,Hydrogen Peroxide,68388,3958981.32
C-685504,Glycol Ethers,44184,3952700.64
C-685566,Sodium Hydroxide,51271,3940689.06
C-685573,Hydrochloric Acid,23864,3937560
C-685421,Hydrogen Peroxide,67880,3929573.2
C-685845,Isopropyl Alcohol,25374,3926372.76
C-685278,Sodium Hydroxide,51082,3926162.52
C-685800,Sodium Hydroxide,51058,3924317.88
C-685242,Sodium Hydroxide,50929,3914402.94
C-685043,Hydrogen Peroxide,67592,3912900.88
C-685881,Isopropyl Alcohol,25267,3909815.58
C-685924,Glycol Ethers,43606,3900992.76
C-685259,Hydrogen Peroxide,67367,3899875.63
C-685257,Isopropyl Alcohol,25194,3898519.56
C-685918,Glycol Ethers,43431,3885337.26
C-685679,Hydrogen Peroxide,67072,3882798.08
C-685576,Glycol Ethers,43370,3879880.2
C-685025,Hydrogen Peroxide,67010,3879208.9
C-685836,Sodium Hydroxide,50242,3861600.12
C-685843,Hydrochloric Acid,23362,3854730
C-685077,Isopropyl Alcohol,24889,3851323.86
C-685636,Glycol Ethers,42985,3845438.1
C-685157,Hydrogen Peroxide,65818,3810204.02
C-685241,Hydrogen Peroxide,65580,3796426.2
C-685452,Sodium Hydroxide,49205,3781896.3
C-685223,Hydrogen Peroxide,65299,3780159.11
C-685230,Sodium Hydroxide,49050,3769983
C-685741,Hydrochloric Acid,22821,3765465
C-684959,Hydrogen Peroxide,64974,3761344.86
C-685193,Hydrogen Peroxide,64899,3757003.11
C-684983,Hydrogen Peroxide,64858,3754629.62
C-685313,Hydrogen Peroxide,64822,3752545.58
C-684963,Isopropyl Alcohol,24239,3750742.86
C-684976,Glycol Ethers,41738,3733881.48
C-685761,Isopropyl Alcohol,24126,3733257.24
C-685770,Sodium Hydroxide,48139,3699963.54
C-685829,Hydrogen Peroxide,63753,3690661.17
C-685087,Hydrochloric Acid,22312,3681480
C-685392,Sodium Hydroxide,47745,3669680.7
C-685942,Glycol Ethers,40979,3665981.34
C-685270,Glycol Ethers,40904,3659271.84
C-685063,Hydrochloric Acid,22109,3647985
C-685487,Hydrogen Peroxide,62793,3635086.77
C-685768,Glycol Ethers,40470,3620446.2
C-685601,Hydrogen Peroxide,62538,3620324.82
C-685794,Sodium Hydroxide,47078,3618415.08
C-685379,Hydrogen Peroxide,62361,3610078.29
C-685710,Sodium Hydroxide,46796,3596740.56
C-685099,Hydrochloric Acid,21756,3589740
C-685935,Isopropyl Alcohol,23028,3563352.72
C-685631,Hydrogen Peroxide,61431,3556240.59
C-685031,Hydrogen Peroxide,61420,3555603.8
C-685637,Hydrogen Peroxide,61219,3543967.91
C-685926,Sodium Hydroxide,45915,3529026.9
C-685776,Sodium Hydroxide,45810,3520956.6
C-685668,Sodium Hydroxide,45750,3516345
C-685104,Sodium Hydroxide,45714,3513578.04
C-685235,Hydrogen Peroxide,60542,3504776.38
C-685785,Isopropyl Alcohol,22633,3502230.42
C-685578,Sodium Hydroxide,45499,3497053.14
C-684978,Sodium Hydroxide,45492,3496515.12
C-685834,Glycol Ethers,39040,3492518.4
C-685177,Hydrochloric Acid,21032,3470280
C-685368,Sodium Hydroxide,44785,3442175.1
C-685659,Isopropyl Alcohol,22162,3429347.88
C-685453,Hydrochloric Acid,20763,3425895
C-685415,Hydrogen Peroxide,59077,3419967.53
C-685626,Sodium Hydroxide,44408,3413198.88
C-685191,Isopropyl Alcohol,22050,3412017
C-685933,Hydrochloric Acid,20601,3399165
C-685708,Glycol Ethers,37954,3395364.84
C-685296,Sodium Hydroxide,44173,3395136.78
C-685326,Sodium Hydroxide,43986,3380763.96
C-685281,Isopropyl Alcohol,21810,3374879.4
C-685811,Hydrogen Peroxide,58180,3368040.2
C-685858,Glycol Ethers,37415,3347145.9
C-684971,Hydrogen Peroxide,57593,3334058.77
C-685116,Sodium Hydroxide,43164,3317585.04
C-685553,Hydrogen Peroxide,57298,3316981.22
C-685804,Glycol Ethers,37073,3316550.58
C-685272,Sodium Hydroxide,43035,3307670.1
C-685491,Isopropyl Alcohol,21336,3301532.64
C-685198,Glycol Ethers,36904,3301431.84
C-685878,Sodium Hydroxide,42938,3300214.68
C-685321,Hydrochloric Acid,19786,3264690
C-685289,Hydrogen Peroxide,56263,3257065.07
C-685512,Sodium Hydroxide,42363,3256020.18
C-685728,Sodium Hydroxide,42263,3248334.18
C-685625,Hydrogen Peroxide,56000,3241840
C-684985,Hydrochloric Acid,19632,3239280
C-685660,Glycol Ethers,36059,3225838.14
C-685007,Hydrogen Peroxide,55604,3218915.56
C-685113,Isopropyl Alcohol,20787,3216580.38
C-684972,Sodium Hydroxide,41801,3212824.86
C-685344,Sodium Hydroxide,41446,3185539.56
C-685420,Glycol Ethers,35508,3176545.68
C-685014,Sodium Hydroxide,41279,3172703.94
C-685327,Hydrochloric Acid,19163,3161895
C-685746,Sodium Hydroxide,41127,3161021.22
C-685013,Hydrogen Peroxide,54499,3154947.11
C-685820,Sodium Hypochlorite,69824,3142080
C-684965,Hydrogen Peroxide,54206,3137985.34
C-685121,Hydrogen Peroxide,54184,3136711.76
C-685702,Glycol Ethers,35047,3135304.62
C-685603,Hydrochloric Acid,18987,3132855
C-685535,Hydrogen Peroxide,54109,3132370.01
C-685369,Hydrochloric Acid,18940,3125100
C-685751,Hydrogen Peroxide,53971,3124381.19
C-685212,Sodium Hydroxide,40595,3120131.7
C-685244,Sodium Hypochlorite,69105,3109725
C-685764,Sodium Hydroxide,40268,3094998.48
C-685134,Sodium Hydroxide,40217,3091078.62
C-685100,Sodium Hypochlorite,68572,3085740
C-685082,Sodium Hypochlorite,68413,3078585
C-685253,Hydrogen Peroxide,53083,3072974.87
C-685412,Sodium Hypochlorite,68109,3064905
C-685715,Hydrogen Peroxide,52758,3054160.62
C-685892,Sodium Hypochlorite,67595,3041775
C-685817,Hydrogen Peroxide,52467,3037314.63
C-685823,Hydrogen Peroxide,52235,3023884.15
C-685217,Hydrogen Peroxide,52166,3019889.74
C-685790,Sodium Hypochlorite,66947,3012615
C-685925,Hydrogen Peroxide,51872,3002870.08
C-685748,Sodium Hypochlorite,66714,3002130
C-685011,Isopropyl Alcohol,19391,3000563.34
C-685917,Isopropyl Alcohol,19329,2990969.46
C-685680,Sodium Hydroxide,38900,2989854
C-685436,Sodium Hypochlorite,66201,2979045
C-685755,Isopropyl Alcohol,19222,2974412.28
C-685418,Sodium Hypochlorite,66096,2974320
C-685865,Hydrogen Peroxide,51376,2974156.64
C-685245,Isopropyl Alcohol,19205,2971781.7
C-685938,Sodium Hydroxide,38576,2964951.36
C-685910,Sodium Hypochlorite,65813,2961585
C-685446,Sodium Hydroxide,38530,2961415.8
C-685079,Hydrogen Peroxide,51098,2958063.22
C-685147,Hydrochloric Acid,17921,2956965
C-685727,Hydrogen Peroxide,51013,2953142.57
C-684955,Hydrochloric Acid,17873,2949045
C-685118,Sodium Hypochlorite,65447,2945115
C-685901,Hydrogen Peroxide,50846,2943474.94
C-685004,Sodium Hypochlorite,65387,2942415
C-685855,Hydrochloric Acid,17802,2937330
C-685784,Sodium Hypochlorite,65256,2936520
C-685040,Sodium Hypochlorite,65238,2935710
C-685612,Glycol Ethers,32777,2932230.42
C-685340,Sodium Hypochlorite,65133,2930985
C-685301,Hydrogen Peroxide,50565,2927207.85
C-685939,Hydrochloric Acid,17706,2921490
C-685172,Sodium Hypochlorite,64648,2909160
C-685085,Hydrogen Peroxide,50005,2894789.45
C-685674,Sodium Hydroxide,37627,2892011.22
C-685286,Sodium Hypochlorite,63987,2879415
C-685769,Hydrogen Peroxide,49548,2868333.72
C-685088,Sodium Hypochlorite,63723,2867535
C-685501,Hydrochloric Acid,17349,2862585
C-685346,Sodium Hypochlorite,63505,2857725
C-685166,Sodium Hypochlorite,63469,2856105
C-685247,Hydrogen Peroxide,49202,2848303.78
C-685863,Isopropyl Alcohol,18294,2830813.56
C-685701,Isopropyl Alcohol,18237,2821993.38
C-685634,Sodium Hypochlorite,62686,2820870
C-685190,Sodium Hypochlorite,62666,2819970
C-685871,Hydrogen Peroxide,48626,2814959.14
C-685408,Glycol Ethers,31425,2811280.5
C-684974,Sodium Hypochlorite,62165,2797425
C-685226,Sodium Hypochlorite,62160,2797200
C-685148,Sodium Hypochlorite,61939,2787255
C-685336,Glycol Ethers,31072,2779701.12
C-685350,Sodium Hydroxide,36164,2779565.04
C-685050,Sodium Hydroxide,36087,2773646.82
C-685219,Hydrochloric Acid,16789,2770185
C-685846,Glycol Ethers,30816,2756799.36
C-685304,Sodium Hypochlorite,61089,2749005
C-685927,Hydrochloric Acid,16644,2746260
C-685664,Sodium Hypochlorite,60928,2741760
C-684956,Sodium Hypochlorite,60241,2710845
C-685911,Isopropyl Alcohol,17496,2707331.04
C-685616,Sodium Hypochlorite,59966,2698470
C-685123,Hydrochloric Acid,16353,2698245
C-685439,Hydrogen Peroxide,46443,2688585.27
C-685458,Sodium Hydroxide,34921,2684028.06
C-685786,Glycol Ethers,30001,2683889.46
C-685462,Glycol Ethers,29989,2682815.94
C-685658,Sodium Hypochlorite,59285,2667825
C-685404,Sodium Hydroxide,34654,2663506.44
C-685478,Sodium Hypochlorite,59052,2657340
C-685733,Hydrogen Peroxide,45883,2656166.87
C-685778,Sodium Hypochlorite,58920,2651400
C-684984,Sodium Hydroxide,34448,2647673.28
C-685707,Isopropyl Alcohol,17088,2644197.12
C-685038,Sodium Hydroxide,34392,2643369.12
C-685915,Hydrochloric Acid,15944,2630760
C-685352,Sodium Hypochlorite,58443,2629935
C-685390,Glycol Ethers,29336,2624398.56
C-685181,Hydrogen Peroxide,45259,2620043.51
C-685061,Hydrogen Peroxide,44942,2601692.38
C-685644,Sodium Hydroxide,33811,2598713.46
C-685428,Sodium Hydroxide,33789,2597022.54
C-685471,Hydrochloric Acid,15738,2596770
C-685928,Sodium Hypochlorite,57619,2592855
C-685895,Hydrogen Peroxide,44785,2592603.65
C-685714,Glycol Ethers,28916,2586825.36
C-685292,Sodium Hypochlorite,57413,2583585
C-685363,Hydrochloric Acid,15619,2577135
C-685320,Sodium Hydroxide,33524,2576654.64
C-685505,Hydrogen Peroxide,44419,2571415.91
C-685542,Sodium Hydroxide,33316,2560667.76
C-685434,Sodium Hydroxide,33295,2559053.7
C-685197,Isopropyl Alcohol,16514,2555376.36
C-685374,Sodium Hydroxide,33124,2545910.64
C-685205,Hydrogen Peroxide,43905,2541660.45
C-685853,Hydrogen Peroxide,43865,2539344.85
C-685534,Glycol Ethers,28336,2534938.56
C-685916,Sodium Hypochlorite,56240,2530800
C-685495,Hydrochloric Acid,15271,2519715
C-685395,Isopropyl Alcohol,16274,2518238.76
C-685476,Sodium Hydroxide,32517,2499256.62
C-685548,Sodium Hydroxide,32500,2497950
C-685589,Hydrogen Peroxide,43113,2495811.57
C-685638,Sodium Hydroxide,32366,2487650.76
C-685646,Sodium Hypochlorite,55277,2487465
C-684973,Hydrochloric Acid,15019,2478135
C-685724,Sodium Hypochlorite,54758,2464110
C-685186,Glycol Ethers,27541,2463817.86
C-685075,Hydrochloric Acid,14815,2444475
C-685343,Hydrogen Peroxide,42157,2440468.73
C-685756,Glycol Ethers,27151,2428928.46
C-685514,Sodium Hypochlorite,53840,2422800
C-685484,Sodium Hypochlorite,53723,2417535
C-685136,Sodium Hypochlorite,53617,2412765
C-685402,Glycol Ethers,26862,2403074.52
C-685502,Sodium Hypochlorite,53278,2397510
C-685221,Isopropyl Alcohol,15492,2397232.08
C-685520,Sodium Hypochlorite,53178,2393010
C-685781,Hydrogen Peroxide,41105,2379568.45
C-685454,Sodium Hypochlorite,52715,2372175
C-685424,Sodium Hypochlorite,52664,2369880
C-685317,Isopropyl Alcohol,15263,2361796.62
C-685300,Glycol Ethers,26189,2342867.94
C-685550,Sodium Hypochlorite,52058,2342610
C-685891,Hydrochloric Acid,14150,2334750
C-685696,Glycol Ethers,25994,2325423.24
C-685174,Glycol Ethers,25989,2324975.94
C-685055,Hydrogen Peroxide,40007,2316005.23
C-685049,Hydrogen Peroxide,39902,2309926.78
C-685430,Sodium Hypochlorite,51227,2305215
C-685332,Sodium Hydroxide,29773,2288352.78
C-685937,Hydrogen Peroxide,39359,2278492.51
C-685444,Glycol Ethers,25334,2266379.64
C-685774,Glycol Ethers,25285,2261996.1
C-685676,Sodium Hypochlorite,49958,2248110
C-685202,Sodium Hypochlorite,49905,2245725
C-685069,Hydrochloric Acid,13596,2243340
C-685442,Sodium Hypochlorite,49818,2241810
C-685496,Sodium Hypochlorite,49714,2237130
C-685592,Sodium Hypochlorite,49605,2232225
C-685231,Hydrochloric Acid,13440,2217600
C-685094,Sodium Hypochlorite,49065,2207925
C-685401,Isopropyl Alcohol,14254,2205663.96
C-685518,Sodium Hydroxide,28625,2200117.5
C-685524,Sodium Hydroxide,28452,2186820.72
C-685508,Sodium Hypochlorite,48564,2185380
C-685762,Glycol Ethers,24394,2182287.24
C-685314,Sodium Hydroxide,28352,2179134.72
C-685919,Hydrogen Peroxide,37404,2165317.56
C-685178,Sodium Hypochlorite,48111,2164995
C-685830,Sodium Hydroxide,28114,2160842.04
C-685931,Hydrogen Peroxide,37104,2147950.56
C-685580,Sodium Hypochlorite,47593,2141685
C-685112,Sodium Hypochlorite,47229,2125305
C-684996,Sodium Hydroxide,27634,2123949.24
C-684970,Glycol Ethers,23722,2122170.12
C-685599,Isopropyl Alcohol,13647,2111736.78
C-685876,Glycol Ethers,23500,2102310
C-685812,Sodium Hydroxide,27310,2099046.6
C-685564,Glycol Ethers,23441,2097031.86
C-685588,Glycol Ethers,23310,2085312.6
C-685039,Hydrochloric Acid,12624,2082960
C-685115,Hydrogen Peroxide,35807,2072867.23
C-685361,Hydrogen Peroxide,35638,2063083.82
C-685574,Sodium Hypochlorite,45773,2059785
C-685536,Sodium Hydroxide,26538,2039710.68
C-685463,Hydrogen Peroxide,35131,2033733.59
C-685355,Hydrogen Peroxide,34985,2025281.65
C-685743,Isopropyl Alcohol,13054,2019975.96
C-685712,Sodium Hypochlorite,44869,2019105
C-685054,Glycol Ethers,22568,2018933.28
C-685384,Glycol Ethers,22516,2014281.36
C-685176,Sodium Hydroxide,26037,2001203.82
C-685465,Hydrochloric Acid,12092,1995180
C-685515,Isopropyl Alcohol,12864,1990575.36
C-685127,Hydrogen Peroxide,34384,1990489.76
C-685472,Sodium Hypochlorite,44120,1985400
C-685557,Isopropyl Alcohol,12685,1962876.9
C-685141,Hydrochloric Acid,11852,1955580
C-685650,Sodium Hydroxide,25423,1954011.78
C-685913,Hydrogen Peroxide,33633,1947014.37
C-685685,Hydrogen Peroxide,33558,1942672.62
C-685441,Hydrochloric Acid,11696,1929840
C-685832,Sodium Hypochlorite,42761,1924245
C-685386,Sodium Hydroxide,25032,1923959.52
C-685466,Sodium Hypochlorite,42421,1908945
C-685114,Glycol Ethers,21302,1905676.92
C-685583,Hydrogen Peroxide,32909,1905102.01
C-685196,Sodium Hypochlorite,42292,1903140
C-685006,Glycol Ethers,21216,1897983.36
C-685713,Isopropyl Alcohol,12226,1891851.24
C-685695,Isopropyl Alcohol,12062,1866473.88
C-685819,Hydrochloric Acid,11307,1865655
C-685124,Sodium Hypochlorite,41337,1860165
C-685652,Sodium Hypochlorite,41337,1860165
C-685325,Hydrogen Peroxide,32029,1854158.81
C-685228,Glycol Ethers,20697,1851553.62
C-685334,Sodium Hypochlorite,41104,1849680
C-685150,Glycol Ethers,20579,1840997.34
C-685946,Sodium Hypochlorite,40676,1830420
C-685316,Sodium Hypochlorite,40539,1824255
C-685700,Sodium Hypochlorite,40391,1817595
C-685265,Hydrogen Peroxide,31350,1814851.5
C-685256,Sodium Hypochlorite,40204,1809180
C-685110,Sodium Hydroxide,23520,1807747.2
C-685385,Hydrogen Peroxide,31078,1799105.42
C-685691,Hydrogen Peroxide,30962,1792390.18
C-685041,Isopropyl Alcohol,11564,1789413.36
C-685297,Hydrochloric Acid,10825,1786125
C-685856,Sodium Hypochlorite,39567,1780515
C-685613,Hydrogen Peroxide,30755,1780406.95
C-685682,Sodium Hypochlorite,39562,1780290
C-685072,Glycol Ethers,19821,1773186.66
C-684968,Sodium Hypochlorite,39267,1767015
C-685610,Sodium Hypochlorite,39043,1756935
C-685372,Glycol Ethers,19625,1755652.5
C-685670,Sodium Hypochlorite,38817,1746765
C-685736,Sodium Hypochlorite,38638,1738710
C-685619,Hydrogen Peroxide,29782,1724079.98
C-685089,Isopropyl Alcohol,11105,1718387.7
C-685425,Isopropyl Alcohol,11089,1715911.86
C-685720,Glycol Ethers,19128,1711190.88
C-685905,Isopropyl Alcohol,10882,1683880.68
C-685775,Hydrogen Peroxide,29078,1683325.42
C-685740,Sodium Hydroxide,21869,1680851.34
C-685923,Isopropyl Alcohol,10855,1679702.7
C-685328,Sodium Hypochlorite,37264,1676880
C-685808,Sodium Hypochlorite,37215,1674675
C-685687,Hydrochloric Acid,10145,1673925
C-685841,Hydrogen Peroxide,28895,1672731.55
C-685577,Hydrogen Peroxide,28894,1672673.66
C-685709,Hydrogen Peroxide,28880,1671863.2
C-685943,Hydrogen Peroxide,28706,1661790.34
C-684999,Isopropyl Alcohol,10726,1659741.24
C-685122,Sodium Hydroxide,21574,1658177.64
C-685406,Sodium Hypochlorite,36646,1649070
C-685073,Hydrogen Peroxide,28351,1641239.39
C-685092,Sodium Hydroxide,21349,1640884.14
C-685200,Sodium Hydroxide,21220,1630969.2
C-685898,Sodium Hypochlorite,36142,1626390
C-684993,Isopropyl Alcohol,10505,1625543.7
C-685791,Isopropyl Alcohol,10504,1625388.96
C-685262,Sodium Hypochlorite,36041,1621845
C-685365,Isopropyl Alcohol,10459,1618425.66
C-685654,Glycol Ethers,18081,1617526.26
C-685229,Hydrogen Peroxide,27855,1612525.95
C-685335,Isopropyl Alcohol,10359,1602951.66
C-684986,Sodium Hypochlorite,35509,1597905
C-685258,Glycol Ethers,17775,1590151.5
C-685697,Hydrogen Peroxide,27432,1588038.48
C-685310,Sodium Hypochlorite,35191,1583595
C-685591,Hydrochloric Acid,9569,1578885
C-684962,Sodium Hypochlorite,35053,1577385
C-685067,Hydrogen Peroxide,27063,1566677.07
C-685034,Sodium Hypochlorite,34813,1566585
C-685571,Hydrogen Peroxide,26933,1559151.37
C-685490,Sodium Hypochlorite,34572,1555740
C-685364,Sodium Hypochlorite,34402,1548090
C-685192,Glycol Ethers,17197,1538443.62
C-685640,Sodium Hypochlorite,34046,1532070
C-685414,Glycol Ethers,17122,1531734.12
C-685703,Hydrogen Peroxide,26294,1522159.66
C-685042,Glycol Ethers,16984,1519388.64
C-685103,Hydrogen Peroxide,26025,1506587.25
C-685912,Glycol Ethers,16760,1499349.6
C-685799,Hydrogen Peroxide,25858,1496919.62
C-685409,Hydrogen Peroxide,25743,1490262.27
C-685818,Sodium Hydroxide,19329,1485626.94
C-685331,Hydrogen Peroxide,25574,1480478.86
C-685604,Sodium Hypochlorite,32690,1471050
C-685595,Hydrogen Peroxide,25294,1464269.66
C-685371,Isopropyl Alcohol,9443,1461209.82
C-685020,Sodium Hydroxide,18802,1445121.72
C-685260,Sodium Hydroxide,18787,1443968.82
C-685239,Isopropyl Alcohol,9293,1437998.82
C-685874,Sodium Hypochlorite,31954,1437930
C-685532,Sodium Hypochlorite,31939,1437255
C-685739,Hydrogen Peroxide,24747,1432603.83
C-685526,Sodium Hypochlorite,31804,1431180
C-685362,Sodium Hydroxide,18575,1427674.5
C-685754,Sodium Hypochlorite,31699,1426455
C-685160,Sodium Hypochlorite,31692,1426140
C-685096,Glycol Ethers,15907,1423040.22
C-685016,Sodium Hypochlorite,30882,1389690
C-685498,Glycol Ethers,15526,1388955.96
C-685847,Hydrogen Peroxide,23865,1381544.85
C-685906,Glycol Ethers,15359,1374016.14
C-685298,Sodium Hypochlorite,30334,1365030
C-685126,Glycol Ethers,15053,1346641.38
C-685435,Hydrochloric Acid,8152,1345080
C-685474,Glycol Ethers,14810,1324902.6
C-685142,Sodium Hypochlorite,29414,1323630
C-685376,Sodium Hypochlorite,29325,1319625
C-685717,Hydrochloric Acid,7992,1318680
C-685802,Sodium Hypochlorite,29101,1309545
C-685529,Hydrogen Peroxide,22500,1302525
C-685934,Sodium Hypochlorite,28878,1299510
C-685400,Sodium Hypochlorite,28811,1296495
C-685274,Sodium Hypochlorite,28787,1295415
C-685133,Hydrogen Peroxide,22291,1290425.99
C-685886,Sodium Hypochlorite,28660,1289700
C-685586,Sodium Hypochlorite,28511,1282995
C-685482,Sodium Hydroxide,16679,1281947.94
C-685182,Sodium Hydroxide,16660,1280487.6
C-685032,Sodium Hydroxide,16442,1263732.12
C-685068,Sodium Hydroxide,16423,1262271.78
C-685562,Sodium Hypochlorite,27957,1258065
C-685319,Hydrogen Peroxide,21708,1256676.12
C-685309,Hydrochloric Acid,7576,1250040
C-685268,Sodium Hypochlorite,27670,1245150
C-685814,Sodium Hypochlorite,27551,1239795
C-685582,Glycol Ethers,13797,1234279.62
C-685760,Sodium Hypochlorite,27309,1228905
C-685888,Glycol Ethers,13732,1228464.72
C-685360,Glycol Ethers,13468,1204847.28
C-685523,Hydrogen Peroxide,20804,1204343.56
C-685899,Isopropyl Alcohol,7660,1185308.4
C-685005,Isopropyl Alcohol,7635,1181439.9
C-685745,Hydrogen Peroxide,20344,1177714.16
C-685129,Hydrochloric Acid,7134,1177110
C-685565,Hydrogen Peroxide,20184,1168451.76
C-685048,Glycol Ethers,12869,1151260.74
C-685940,Sodium Hypochlorite,25447,1145115
C-685168,Glycol Ethers,12800,1145088
C-685903,Hydrochloric Acid,6911,1140315
C-685358,Sodium Hypochlorite,25099,1129455
C-685479,Isopropyl Alcohol,7279,1126352.46
C-685949,Hydrogen Peroxide,19388,1122371.32
C-685681,Hydrochloric Acid,6727,1109955
C-685950,Sodium Hydroxide,14414,1107860.04
C-685338,Sodium Hydroxide,14216,1092641.76
C-685022,Sodium Hypochlorite,24262,1091790
C-685250,Sodium Hypochlorite,24072,1083240
C-685106,Sodium Hypochlorite,23922,1076490
C-685590,Sodium Hydroxide,13823,1062435.78
C-685388,Sodium Hypochlorite,23607,1062315
C-685185,Isopropyl Alcohol,6777,1048672.98
C-685010,Sodium Hypochlorite,23302,1048590
C-685948,Glycol Ethers,11719,1048381.74
C-685511,Hydrogen Peroxide,18046,1044682.94
C-685517,Hydrogen Peroxide,17863,1034089.07
C-685872,Sodium Hydroxide,13425,1031845.5
C-685271,Hydrogen Peroxide,17693,1024247.77
C-685076,Sodium Hypochlorite,22693,1021185
C-685109,Hydrogen Peroxide,17637,1021005.93
C-685367,Hydrogen Peroxide,17614,1019674.46
C-685130,Sodium Hypochlorite,22491,1012095
C-685154,Sodium Hypochlorite,22487,1011915
C-685880,Sodium Hypochlorite,22387,1007415
C-685706,Sodium Hypochlorite,22365,1006425
C-685210,Glycol Ethers,11048,988354.08
C-685275,Isopropyl Alcohol,6303,975326.22
C-684990,Sodium Hydroxide,12434,955677.24
C-684989,Hydrogen Peroxide,16493,954779.77
C-685058,Sodium Hypochlorite,21161,952245
C-685295,Hydrogen Peroxide,16443,951885.27
C-685835,Hydrogen Peroxide,16378,948122.42
C-685481,Hydrogen Peroxide,16123,933360.47
C-685162,Glycol Ethers,10425,932620.5
C-685302,Sodium Hydroxide,12106,930467.16
C-685158,Sodium Hydroxide,12087,929006.82
C-685194,Sodium Hydroxide,12031,924702.66
C-685568,Sodium Hypochlorite,20204,909180
C-685777,Hydrochloric Acid,5464,901560
C-685559,Hydrogen Peroxide,15552,900305.28
C-685169,Hydrogen Peroxide,15388,890811.32
C-685698,Sodium Hydroxide,11508,884504.88
C-685086,Sodium Hydroxide,11466,881276.76
C-685291,Hydrochloric Acid,5326,878790
C-685850,Sodium Hypochlorite,19467,876015
C-685052,Sodium Hypochlorite,19400,873000
C-685859,Hydrogen Peroxide,15015,869218.35
C-685643,Hydrogen Peroxide,14653,848262.17
C-685222,Glycol Ethers,9144,818022.24
C-685556,Sodium Hypochlorite,18142,816390
C-685155,Isopropyl Alcohol,5174,800624.76
C-685793,Hydrogen Peroxide,13774,797376.86
C-685461,Isopropyl Alcohol,5092,787936.08
C-684980,Sodium Hypochlorite,17480,786600
C-685607,Hydrogen Peroxide,13298,769821.22
C-685146,Sodium Hydroxide,9993,768061.98
C-685080,Sodium Hydroxide,9741,748693.26
C-685908,Sodium Hydroxide,9607,738394.02
C-685889,Hydrogen Peroxide,12687,734450.43
C-685493,Hydrogen Peroxide,12662,733003.18
C-685862,Sodium Hypochlorite,16191,728595
C-685630,Glycol Ethers,8073,722210.58
C-685046,Sodium Hypochlorite,15883,714735
C-685930,Glycol Ethers,7964,712459.44
C-685606,Glycol Ethers,7951,711296.46
C-685602,Sodium Hydroxide,9110,700194.6
C-685473,Isopropyl Alcohol,4500,696330
C-685922,Sodium Hypochlorite,15062,677790
C-685849,Hydrochloric Acid,4107,677655
C-685475,Hydrogen Peroxide,11648,674302.72
C-684988,Glycol Ethers,7517,672470.82
C-685322,Sodium Hypochlorite,14895,670275
C-685370,Sodium Hypochlorite,14890,670050
C-685120,Glycol Ethers,7383,660483.18
C-685718,Sodium Hypochlorite,14516,653220
C-685451,Hydrogen Peroxide,11168,646515.52
C-685742,Sodium Hypochlorite,13924,626580
C-685787,Hydrogen Peroxide,10820,626369.8
C-685215,Isopropyl Alcohol,4031,623756.94
C-685539,Isopropyl Alcohol,4000,618960
C-685722,Sodium Hydroxide,8019,616340.34
C-685299,Isopropyl Alcohol,3969,614163.06
C-685410,Sodium Hydroxide,7950,611037
C-685164,Sodium Hydroxide,7947,610806.42
C-685382,Sodium Hypochlorite,13363,601335
C-685838,Sodium Hypochlorite,13267,597015
C-685378,Glycol Ethers,6637,593746.02
C-685500,Sodium Hydroxide,7583,582829.38
C-109827,Sodium Hydroxide,7436,571530.96
C-685062,Sodium Hydroxide,7268,558618.48
C-685283,Hydrogen Peroxide,9603,555917.67
C-685151,Hydrogen Peroxide,9596,555512.44
C-685373,Hydrogen Peroxide,9596,555512.44
C-685349,Hydrogen Peroxide,9373,542602.97
C-685561,Hydrochloric Acid,3252,536580
C-685056,Sodium Hydroxide,6883,529027.38
C-685394,Sodium Hypochlorite,11690,526050
C-685238,Sodium Hypochlorite,11561,520245
C-685725,Isopropyl Alcohol,3353,518843.22
C-685622,Sodium Hypochlorite,11430,514350
C-685397,Hydrogen Peroxide,8855,512615.95
C-685750,Glycol Ethers,5677,507864.42
C-685824,Sodium Hydroxide,6585,506123.1
C-685220,Sodium Hypochlorite,11160,502200
C-685357,Hydrochloric Acid,3031,500115
C-685766,Sodium Hypochlorite,11113,500085
C-685433,Hydrogen Peroxide,8618,498896.02
C-685460,Sodium Hypochlorite,11079,498555
C-685920,Sodium Hydroxide,6353,488291.58
C-685730,Sodium Hypochlorite,10752,483840
C-685494,Sodium Hydroxide,6293,483679.98
C-685598,Sodium Hypochlorite,10713,482085
C-685499,Hydrogen Peroxide,7844,454089.16
C-685772,Sodium Hypochlorite,9877,444465
C-685438,Glycol Ethers,4831,432181.26
C-685667,Hydrogen Peroxide,7334,424565.26
C-685686,Sodium Hydroxide,5511,423575.46
C-685287,Isopropyl Alcohol,2679,414548.46
C-685688,Sodium Hypochlorite,9034,406530
C-685211,Hydrogen Peroxide,6997,405056.33
C-685483,Hydrochloric Acid,2406,396990
C-685867,Hydrochloric Acid,2366,390390
C-685716,Sodium Hydroxide,5014,385376.04
C-684995,Hydrogen Peroxide,6604,382305.56
C-685208,Sodium Hypochlorite,8320,374400
C-685445,Hydrogen Peroxide,6459,373911.51
C-685844,Sodium Hypochlorite,8237,370665
C-685721,Hydrogen Peroxide,6350,367601.5
C-685074,Sodium Hydroxide,4686,360165.96
C-685877,Hydrogen Peroxide,6207,359323.23
C-685170,Sodium Hydroxide,4604,353863.44
C-685199,Hydrogen Peroxide,6094,352781.66
C-685563,Isopropyl Alcohol,2196,339809.04
C-685330,Glycol Ethers,3728,333506.88
C-685457,Hydrogen Peroxide,5670,328236.3
C-685661,Hydrogen Peroxide,5559,321810.51
C-685666,Glycol Ethers,3398,303985.08
C-684998,Sodium Hypochlorite,6754,303930
C-685485,Isopropyl Alcohol,1945,300969.3
C-685547,Hydrogen Peroxide,5060,292923.4
C-685522,Glycol Ethers,3252,290923.92
C-685544,Sodium Hypochlorite,6398,287910
C-685427,Hydrogen Peroxide,4733,273993.37
C-685306,Glycol Ethers,3033,271332.18
C-685232,Sodium Hypochlorite,5824,262080
C-685852,Glycol Ethers,2906,259970.76
C-685641,Isopropyl Alcohol,1646,254702.04
C-685064,Sodium Hypochlorite,5454,245430
C-685952,Sodium Hypochlorite,5365,241425
C-685488,Sodium Hydroxide,2994,230118.84
C-685277,Hydrogen Peroxide,3974,230054.86
C-685796,Sodium Hypochlorite,5100,229500
C-685139,Hydrogen Peroxide,3961,229302.29
C-685047,Isopropyl Alcohol,1479,228860.46
C-685184,Sodium Hypochlorite,4960,223200
C-685541,Hydrogen Peroxide,3778,218708.42
C-685854,Sodium Hydroxide,2754,211672.44
C-684966,Sodium Hydroxide,2724,209366.64
C-685649,Hydrogen Peroxide,3613,209156.57
C-685469,Hydrogen Peroxide,3556,205856.84
C-685284,Hydrochloric Acid,1194,197010
C-685107,Isopropyl Alcohol,1259,194817.66
C-685560,Sodium Hydroxide,2518,193533.48
C-685337,Hydrogen Peroxide,3329,192715.81
C-685890,Sodium Hydroxide,2399,184387.14
C-685868,Sodium Hypochlorite,4083,183735
C-685163,Hydrogen Peroxide,2969,171875.41
C-685569,Isopropyl Alcohol,1077,166654.98
C-684977,Hydrogen Peroxide,2821,163307.69
C-685480,Glycol Ethers,1824,163175.04
C-685628,Sodium Hypochlorite,3469,156105
C-685904,Sodium Hypochlorite,3399,152955
C-685673,Hydrogen Peroxide,2621,151729.69
C-685885,Hydrochloric Acid,870,143550
C-685426,Glycol Ethers,1534,137231.64
C-685470,Sodium Hydroxide,1759,135196.74
C-685284,Hydrogen Peroxide,2294,132799.66
C-685307,Hydrogen Peroxide,2198,127242.22
C-685801,Hydrochloric Acid,767,126555
C-685883,Hydrogen Peroxide,2029,117458.81
C-685620,Sodium Hydroxide,1482,113906.52
C-685678,Glycol Ethers,1154,103236.84
C-685448,Sodium Hypochlorite,2146,96570
C-685097,Hydrogen Peroxide,1549,89671.61
C-685234,Glycol Ethers,905,80961.3
C-684992,Sodium Hypochlorite,1787,80415
C-685248,Sodium Hydroxide,995,76475.7
C-685078,Glycol Ethers,839,75056.94
C-685655,Hydrogen Peroxide,1208,69931.12
C-685044,Sodium Hydroxide,897,68943.42
C-685608,Sodium Hydroxide,769,59105.34
C-685284,Sodium Hydroxide,723,55569.78
C-685214,Sodium Hypochlorite,1233,55485
C-685187,Hydrogen Peroxide,868,50248.52
C-685757,Hydrogen Peroxide,795,46022.55
C-685737,Isopropyl Alcohol,283,43791.42
C-685528,Glycol Ethers,267,23885.82
C-685252,Glycol Ethers,238,21291.48
C-685763,Hydrogen Peroxide,295,17077.55
C-685028,Sodium Hypochlorite,331,14895
